{
    "class_names": [
        "Healthy",
        "Rust"
    ],
    "precision": 1.0,
    "recall": 0.9354838709677419,
    "f1_score": 0.9666666666666667,
    "confusion_matrix": [
        [
            0,
            0
        ],
        [
            4,
            58
        ]
    ],
    "false_negative_rate": 0.06451612903225806
}